produtor,aviario,arquivo_origem
MAURICIO JAIR LEITZKE,1126,AgroCenter - Perfil MARLI.html
CLEITON RODRIGO RHEINHEIMER,140,AgroCenter - Perfil MARLI.html
CLEITON RODRIGO RHEINHEIMER,303,AgroCenter - Perfil MARLI.html
CLEITON RODRIGO RHEINHEIMER,783,AgroCenter - Perfil MARLI.html
JOSE APARECIDO TERRIBELE,1137,AgroCenter - Perfil ISABELA.html
JOSE APARECIDO TERRIBELE,1138,AgroCenter - Perfil ISABELA.html
JOSE APARECIDO TERRIBELE,1139,AgroCenter - Perfil ISABELA.html
VALDIR ANOR DE ASSIS,1114,AgroCenter - Perfil ERICK.html
VALDIR ANOR DE ASSIS,1115,AgroCenter - Perfil ERICK.html
VALDIR ANOR DE ASSIS,1237,AgroCenter - Perfil ERICK.html
VALDIR ANOR DE ASSIS,1238,AgroCenter - Perfil ERICK.html
VALDIR ANOR DE ASSIS,1239,AgroCenter - Perfil ERICK.html
VALDIR ANOR DE ASSIS,1240,AgroCenter - Perfil ERICK.html
JAIME BASSO,1281,AgroCenter - Perfil ERICK.html
JAIME BASSO,1282,AgroCenter - Perfil ERICK.html
JAIME BASSO,1283,AgroCenter - Perfil ERICK.html
JAIME BASSO,1284,AgroCenter - Perfil ERICK.html
RONISE REGINA IORIS CHIODINI,1038,AgroCenter - Perfil ARION.html
RONISE REGINA IORIS CHIODINI,1174,AgroCenter - Perfil ARION.html
RONISE REGINA IORIS CHIODINI,1314,AgroCenter - Perfil ARION.html
RONISE REGINA IORIS CHIODINI,209,AgroCenter - Perfil ARION.html
RONISE REGINA IORIS CHIODINI,210,AgroCenter - Perfil ARION.html
RONISE REGINA IORIS CHIODINI,984,AgroCenter - Perfil ARION.html
RONISE REGINA IORIS CHIODINI,985,AgroCenter - Perfil ARION.html
RONISE REGINA IORIS CHIODINI,986,AgroCenter - Perfil ARION.html
RONISE REGINA IORIS CHIODINI,987,AgroCenter - Perfil ARION.html
ARI NAVA,1113,AgroCenter - Perfil ARION.html
ARI NAVA,271,AgroCenter - Perfil ARION.html
ARI NAVA,912,AgroCenter - Perfil ARION.html
MAYKON GENESIO BUTTINI,1001,AgroCenter - Perfil MURILO.html
MAYKON GENESIO BUTTINI,1002,AgroCenter - Perfil MURILO.html
MAYKON GENESIO BUTTINI,1120,AgroCenter - Perfil MURILO.html
MAYKON GENESIO BUTTINI,870,AgroCenter - Perfil MURILO.html
MAYKON GENESIO BUTTINI,871,AgroCenter - Perfil MURILO.html
VALDECIR PATEL,158,AgroCenter - Perfil MURILO.html
EVANDRO TICIANELO,1062,AgroCenter - Perfil RODOLFO.html
ADRIANO ZOTESSO DOS SANTOS,1063,AgroCenter - Perfil EDINAN.html
ADRIANO ZOTESSO DOS SANTOS,1116,AgroCenter - Perfil EDINAN.html
ADRIANO ZOTESSO DOS SANTOS,623,AgroCenter - Perfil EDINAN.html
ADRIANO ZOTESSO DOS SANTOS,862,AgroCenter - Perfil EDINAN.html
ADELAIDE PETRY PALUDO,110,AgroCenter - Perfil INAIARA.html
ADELAIDE PETRY PALUDO,111,AgroCenter - Perfil INAIARA.html
ADELAIDE PETRY PALUDO,441,AgroCenter - Perfil INAIARA.html
ADELAIDE PETRY PALUDO,645,AgroCenter - Perfil INAIARA.html
ADELAIDE PETRY PALUDO,727,AgroCenter - Perfil INAIARA.html
ADELAIDE PETRY PALUDO,728,AgroCenter - Perfil INAIARA.html
ADELAIDE PETRY PALUDO,772,AgroCenter - Perfil INAIARA.html
ADELAIDE PETRY PALUDO,773,AgroCenter - Perfil INAIARA.html
ROBERTO  MINORU YASUE,1024,AgroCenter - Perfil BRUNO CONTER.html
RENAN GENERO,215,AgroCenter - Perfil BRUNO CONTER.html
AIRTON LUIZ BONAFIN,945,AgroCenter - Perfil BRUNO CONTER.html
CLODOALDO SILVA DOS SANTOS,643,AgroCenter - Perfil BRUNO CONTER.html
SÉRGIO LUIZ BERTOLDI,112,AgroCenter - Perfil BRUNO CONTER.html
SÉRGIO LUIZ BERTOLDI,275,AgroCenter - Perfil BRUNO CONTER.html
SÉRGIO LUIZ BERTOLDI,322,AgroCenter - Perfil BRUNO CONTER.html
SÉRGIO LUIZ BERTOLDI,677,AgroCenter - Perfil BRUNO CONTER.html
PEDRO JOSE HILZENDEGER,1083,AgroCenter - Perfil BRUNO CONTER.html
PEDRO JOSE HILZENDEGER,450,AgroCenter - Perfil BRUNO CONTER.html
PEDRO JOSE HILZENDEGER,490,AgroCenter - Perfil BRUNO CONTER.html
LEANDRO FEHMBERGER,139,AgroCenter - Perfil BRUNO CONTER.html
LEANDRO FEHMBERGER,786,AgroCenter - Perfil BRUNO CONTER.html
GILBERTO MASSAO BALDO,705,AgroCenter - Perfil BRUNO CONTER.html
GILBERTO MASSAO BALDO,809,AgroCenter - Perfil BRUNO CONTER.html
FRANCISCO ANTÔNIO CRIPA,1285,AgroCenter - Perfil BRUNO CONTER.html
FRANCISCO ANTÔNIO CRIPA,1286,AgroCenter - Perfil BRUNO CONTER.html
FRANCISCO ANTÔNIO CRIPA,1287,AgroCenter - Perfil BRUNO CONTER.html
FRANCISCO ANTÔNIO CRIPA,892,AgroCenter - Perfil BRUNO CONTER.html
FRANCISCO ANTÔNIO CRIPA,893,AgroCenter - Perfil BRUNO CONTER.html
CLACI KRAMPE,1044,AgroCenter - Perfil BRUNO CONTER.html
CLACI KRAMPE,1045,AgroCenter - Perfil BRUNO CONTER.html
CLACI KRAMPE,365,AgroCenter - Perfil BRUNO CONTER.html
CLACI KRAMPE,366,AgroCenter - Perfil BRUNO CONTER.html
CLACI KRAMPE,376,AgroCenter - Perfil BRUNO CONTER.html
CLACI KRAMPE,512,AgroCenter - Perfil BRUNO CONTER.html
CLACI KRAMPE,618,AgroCenter - Perfil BRUNO CONTER.html
CLACI KRAMPE,793,AgroCenter - Perfil BRUNO CONTER.html
CLACI KRAMPE,794,AgroCenter - Perfil BRUNO CONTER.html
CLACI KRAMPE,980,AgroCenter - Perfil BRUNO CONTER.html
RONALDO JOÃO VENDRAME,172,AgroCenter - Perfil BRUNO CONTER.html
RONALDO JOÃO VENDRAME,240,AgroCenter - Perfil BRUNO CONTER.html
RONALDO JOÃO VENDRAME,530,AgroCenter - Perfil BRUNO CONTER.html
RONALDO JOÃO VENDRAME,720,AgroCenter - Perfil BRUNO CONTER.html
RONALDO JOÃO VENDRAME,926,AgroCenter - Perfil BRUNO CONTER.html
RONALDO JOÃO VENDRAME,927,AgroCenter - Perfil BRUNO CONTER.html
ALBERTINO AFONSO BRANCO,503,AgroCenter - Perfil BRUNO CONTER.html
ALBERTINO AFONSO BRANCO,504,AgroCenter - Perfil BRUNO CONTER.html
ALBERTINO AFONSO BRANCO,868,AgroCenter - Perfil BRUNO CONTER.html
JOSÉ HENRIQUE BORSATTO,817,AgroCenter - Perfil BRUNO CONTER.html
SANDRO TAGLIARI,1195,AgroCenter - Perfil BRUNO CONTER.html
SANDRO TAGLIARI,1196,AgroCenter - Perfil BRUNO CONTER.html
DORVAL CONCI,423,AgroCenter - Perfil BRUNO CONTER.html
DORVAL CONCI,424,AgroCenter - Perfil BRUNO CONTER.html
DORVAL CONCI,474,AgroCenter - Perfil BRUNO CONTER.html
EVANILDO GIESELER,785,AgroCenter - Perfil BRUNO CONTER.html
GERVASIO RIBEIRO MORAES,1133,AgroCenter - Perfil BRUNO CONTER.html
GERVASIO RIBEIRO MORAES,1134,AgroCenter - Perfil BRUNO CONTER.html
LEONICE FRIEDRICH,1186,AgroCenter - Perfil BRUNO CONTER.html
LEONICE FRIEDRICH,1187,AgroCenter - Perfil BRUNO CONTER.html
LEONICE FRIEDRICH,1188,AgroCenter - Perfil BRUNO CONTER.html
LEONICE FRIEDRICH,1189,AgroCenter - Perfil BRUNO CONTER.html
JOAO VALERO EGIDO,1295,AgroCenter - Perfil BRUNO CONTER.html
VOLNEI BENETTI,195,AgroCenter - Perfil BRUNO CONTER.html
VOLNEI BENETTI,646,AgroCenter - Perfil BRUNO CONTER.html
VOLNEI BENETTI,647,AgroCenter - Perfil BRUNO CONTER.html
VOLNEI BENETTI,648,AgroCenter - Perfil BRUNO CONTER.html
VOLNEI BENETTI,719,AgroCenter - Perfil BRUNO CONTER.html
ERNI ARNDT,573,AgroCenter - Perfil BRUNO CONTER.html
ERNI ARNDT,822,AgroCenter - Perfil BRUNO CONTER.html
JOAO ORLANDO,1026,AgroCenter - Perfil BRUNO CONTER.html
JOAO ORLANDO,1147,AgroCenter - Perfil BRUNO CONTER.html
ALBERTO BENETTI,1104,AgroCenter - Perfil BRUNO CONTER.html
ALBERTO BENETTI,1105,AgroCenter - Perfil BRUNO CONTER.html
ALBERTO BENETTI,1179,AgroCenter - Perfil BRUNO CONTER.html
ADEMAR LUIZ PEDRON,1190,AgroCenter - Perfil BRUNO CONTER.html
ADEMAR LUIZ PEDRON,381,AgroCenter - Perfil BRUNO CONTER.html
LISETE CRISTINA BENETTI,1102,AgroCenter - Perfil BRUNO CONTER.html
LISETE CRISTINA BENETTI,1103,AgroCenter - Perfil BRUNO CONTER.html
HISAAKI HATAMOTO,826,AgroCenter - Perfil BRUNO CONTER.html
HISAAKI HATAMOTO,827,AgroCenter - Perfil BRUNO CONTER.html
PAULO HOFFMANN,102,AgroCenter - Perfil BRUNO CONTER.html
PAULO HOFFMANN,1168,AgroCenter - Perfil BRUNO CONTER.html
PAULO HOFFMANN,205,AgroCenter - Perfil BRUNO CONTER.html
PAULO HOFFMANN,284,AgroCenter - Perfil BRUNO CONTER.html
PAULO HOFFMANN,419,AgroCenter - Perfil BRUNO CONTER.html
PAULO HOFFMANN,420,AgroCenter - Perfil BRUNO CONTER.html
PAULO HOFFMANN,421,AgroCenter - Perfil BRUNO CONTER.html
PAULO HOFFMANN,422,AgroCenter - Perfil BRUNO CONTER.html
PAULO HOFFMANN,661,AgroCenter - Perfil BRUNO CONTER.html
PAULO HOFFMANN,662,AgroCenter - Perfil BRUNO CONTER.html
PAULO HOFFMANN,716,AgroCenter - Perfil BRUNO CONTER.html
PAULO HOFFMANN,873,AgroCenter - Perfil BRUNO CONTER.html
CARLOS MATTIUZZI,1210,AgroCenter - Perfil BRUNO CONTER.html
CARLOS MATTIUZZI,1211,AgroCenter - Perfil BRUNO CONTER.html
CARLOS MATTIUZZI,1212,AgroCenter - Perfil BRUNO CONTER.html
MARILENE BURIN GLAESER,1151,AgroCenter - Perfil BRUNO CONTER.html
MARILENE BURIN GLAESER,1152,AgroCenter - Perfil BRUNO CONTER.html
MARILENE BURIN GLAESER,1180,AgroCenter - Perfil BRUNO CONTER.html
DOUGLAS JOSE TURATTO,304,AgroCenter - Perfil BRUNO CONTER.html
ARI PATEL,1131,AgroCenter - Perfil BRUNO CONTER.html
ARI PATEL,162,AgroCenter - Perfil BRUNO CONTER.html
PEDRO BORDIGNON,1081,AgroCenter - Perfil BRUNO CONTER.html
PEDRO BORDIGNON,1082,AgroCenter - Perfil BRUNO CONTER.html
PEDRO BORDIGNON,840,AgroCenter - Perfil BRUNO CONTER.html
PEDRO BORDIGNON,841,AgroCenter - Perfil BRUNO CONTER.html
PEDRO BORDIGNON,946,AgroCenter - Perfil BRUNO CONTER.html
PEDRO BORDIGNON,947,AgroCenter - Perfil BRUNO CONTER.html
EDITH KURTZ,183,AgroCenter - Perfil BRUNO CONTER.html
LAUDELINO ANTONIO SOARES,1175,AgroCenter - Perfil BRUNO CONTER.html
LAUDELINO ANTONIO SOARES,1176,AgroCenter - Perfil BRUNO CONTER.html
LAUDELINO ANTONIO SOARES,1304,AgroCenter - Perfil BRUNO CONTER.html
LAUDELINO ANTONIO SOARES,1371,AgroCenter - Perfil BRUNO CONTER.html
JULIANA AFONSO BRANCO DOS SANTOS,1333,AgroCenter - Perfil BRUNO CONTER.html
JULIANA AFONSO BRANCO DOS SANTOS,1334,AgroCenter - Perfil BRUNO CONTER.html
JULIANA AFONSO BRANCO DOS SANTOS,1335,AgroCenter - Perfil BRUNO CONTER.html
JULIANA AFONSO BRANCO DOS SANTOS,1336,AgroCenter - Perfil BRUNO CONTER.html
VERA LUIZA MOTTIN BENSTTI,294,AgroCenter - Perfil BRUNO CONTER.html
VERA LUIZA MOTTIN BENSTTI,295,AgroCenter - Perfil BRUNO CONTER.html
MARIA VIGNE CENTENARO,156,AgroCenter - Perfil BRUNO CONTER.html
CARLOS JOSE GRIS,237,AgroCenter - Perfil BRUNO CONTER.html
FLAVIO CLAYTON SALVADOR,1379,AgroCenter - Perfil BRUNO CONTER.html
FLAVIO CLAYTON SALVADOR,1380,AgroCenter - Perfil BRUNO CONTER.html
OLAVIO LOFH,387,AgroCenter - Perfil BRUNO CONTER.html
JOSÉ HENRIQUE DE OLIVEIRA NETO,1216,AgroCenter - Perfil BRUNO CONTER.html
JOSÉ HENRIQUE DE OLIVEIRA NETO,1217,AgroCenter - Perfil BRUNO CONTER.html
JOSÉ HENRIQUE DE OLIVEIRA NETO,514,AgroCenter - Perfil BRUNO CONTER.html
JOSÉ HENRIQUE DE OLIVEIRA NETO,515,AgroCenter - Perfil BRUNO CONTER.html
JOSÉ HENRIQUE DE OLIVEIRA NETO,944,AgroCenter - Perfil BRUNO CONTER.html
ACELINO LORENZETTI,151,AgroCenter - Perfil BRUNO CONTER.html
ACELINO LORENZETTI,152,AgroCenter - Perfil BRUNO CONTER.html
ACELINO LORENZETTI,869,AgroCenter - Perfil BRUNO CONTER.html
FERNANDO VOLPATO MARQUES,966,AgroCenter - Perfil BRUNO CONTER.html
FERNANDO VOLPATO MARQUES,967,AgroCenter - Perfil BRUNO CONTER.html
RAFAEL ZAMIAN,473,AgroCenter - Perfil BRUNO CONTER.html
RAFAEL ZAMIAN,943,AgroCenter - Perfil BRUNO CONTER.html
AIRTON JOSÉ MOREIRA,1000,AgroCenter - Perfil BRUNO CONTER.html
AIRTON JOSÉ MOREIRA,340,AgroCenter - Perfil BRUNO CONTER.html
LUIS CARLOS MIOTTO,170,AgroCenter - Perfil BRUNO CONTER.html
LUIS CARLOS MIOTTO,171,AgroCenter - Perfil BRUNO CONTER.html
LUIS CARLOS MIOTTO,337,AgroCenter - Perfil BRUNO CONTER.html
LUIS CARLOS MIOTTO,882,AgroCenter - Perfil BRUNO CONTER.html
LUIS CARLOS MIOTTO,883,AgroCenter - Perfil BRUNO CONTER.html
LUIS CARLOS MIOTTO,884,AgroCenter - Perfil BRUNO CONTER.html
IVAIR DREON,140,AgroCenter - Perfil BRUNO CONTER.html
IVAIR DREON,303,AgroCenter - Perfil BRUNO CONTER.html
IVAIR DREON,783,AgroCenter - Perfil BRUNO CONTER.html
MARLI RICHTER KAPPES,150,AgroCenter - Perfil BRUNO CONTER.html
MARLI RICHTER KAPPES,306,AgroCenter - Perfil BRUNO CONTER.html
ADILSON APARECIDO DA MOTA,1247,AgroCenter - Perfil BRUNO CONTER.html
ADILSON APARECIDO DA MOTA,650,AgroCenter - Perfil BRUNO CONTER.html
ANDERSON NEI MORELATTO,1117,AgroCenter - Perfil BRUNO CONTER.html
ANDERSON NEI MORELATTO,1118,AgroCenter - Perfil BRUNO CONTER.html
ANDERSON NEI MORELATTO,665,AgroCenter - Perfil BRUNO CONTER.html
ANDERSON NEI MORELATTO,666,AgroCenter - Perfil BRUNO CONTER.html
SUELI MARIA PEREIRA BENINCÁ,351,AgroCenter - Perfil BRUNO CONTER.html
SUELI MARIA PEREIRA BENINCÁ,352,AgroCenter - Perfil BRUNO CONTER.html
SUELI MARIA PEREIRA BENINCÁ,353,AgroCenter - Perfil BRUNO CONTER.html
SUELI MARIA PEREIRA BENINCÁ,354,AgroCenter - Perfil BRUNO CONTER.html
SUELI MARIA PEREIRA BENINCÁ,936,AgroCenter - Perfil BRUNO CONTER.html
SUELI MARIA PEREIRA BENINCÁ,937,AgroCenter - Perfil BRUNO CONTER.html
DALTON AURI LUDEWIG,1037,AgroCenter - Perfil LETICIA.html
DEBORA ALINE SCHLEMMER,1123,AgroCenter - Perfil LETICIA.html
GABRIEL WUTZKE,1017,AgroCenter - Perfil DEBORA.html
GABRIEL WUTZKE,137,AgroCenter - Perfil DEBORA.html
GABRIEL WUTZKE,262,AgroCenter - Perfil DEBORA.html
DANIEL CARLOS MILITAO DOS SANTOS,310,AgroCenter - Perfil DEBORA.html
DANIEL CARLOS MILITAO DOS SANTOS,311,AgroCenter - Perfil DEBORA.html
DANIEL CARLOS MILITAO DOS SANTOS,445,AgroCenter - Perfil DEBORA.html
ANDREI BENETTI,1075,AgroCenter - Perfil ALTAIR.html
ANDREI BENETTI,1076,AgroCenter - Perfil ALTAIR.html
ANDREI BENETTI,143,AgroCenter - Perfil ALTAIR.html
ANDREI BENETTI,607,AgroCenter - Perfil ALTAIR.html
