nome,num_aviarios,link,arquivo_origem
ARI MARTINI,0,https://prd-agrocenter.cvale.com.br/v3_aviculture/profile/0a7beed061edc487c50bfcf16921ffa8/timeline,AgroCenter - Perfil MARLI.html
MAURICIO JAIR LEITZKE,1,https://prd-agrocenter.cvale.com.br/v3_aviculture/profile/28e110390aa2d82eb452b7a4187cb8c9/timeline/ddab946af3ade77dd2f8c1ca30c59283/31,AgroCenter - Perfil MARLI.html
CLEITON RODRIGO RHEINHEIMER,3,https://prd-agrocenter.cvale.com.br/v3_aviculture/profile/cfdd676741785e27ea0141ac0f51b605/timeline/f8a13f2016867b9318463caea5839d64/175,AgroCenter - Perfil MARLI.html
JOSE APARECIDO TERRIBELE,3,https://prd-agrocenter.cvale.com.br/v3_aviculture/profile/683b0b3c7a7c4935cbf6654e8d532f38/timeline/6fcd824be5c998ccab0351f3e9175267/33,AgroCenter - Perfil ISABELA.html
FLORINDO MELCHIOTTI,0,https://prd-agrocenter.cvale.com.br/v3_aviculture/profile/0b4654ff984afa8601ad4d3d90752306/timeline,AgroCenter - Perfil ISABELA.html
VALDIR ANOR DE ASSIS,6,https://prd-agrocenter.cvale.com.br/v3_aviculture/profile/6c05aa0012df4aa4609f7a83619b8e25/timeline/34d8239a7d4cb9a784e31f86d79b8515/15,AgroCenter - Perfil ERICK.html
JAIME BASSO,4,https://prd-agrocenter.cvale.com.br/v3_aviculture/profile/9021b60360faf2a51747d23a254cf24f/timeline/9883a326d8795ccda7c7b8ff4b9a5656/18,AgroCenter - Perfil ERICK.html
RONISE REGINA IORIS CHIODINI,9,https://prd-agrocenter.cvale.com.br/v3_aviculture/profile/09748a7f70376dda398f289a4789ad49/timeline/4ab9e2c952745bb241dc40d45da18b85/150,AgroCenter - Perfil ARION.html
ARI NAVA,3,https://prd-agrocenter.cvale.com.br/v3_aviculture/profile/a9bbbb74f6d56c8f6aaf163cd8377c41/timeline/a1903b935010c96b75d2c8d24d63d845/155,AgroCenter - Perfil ARION.html
EDEMAR JOSE BURIN,0,https://prd-agrocenter.cvale.com.br/v3_aviculture/profile/3eb5fe12aa60096bccf31011c9271893/timeline,AgroCenter - Perfil ARION.html
MAYKON GENESIO BUTTINI,5,https://prd-agrocenter.cvale.com.br/v3_aviculture/profile/ef1b7a00b3f0f7fe7fecce8bb16b52fe/timeline/de8106786b38d65be6c810fa051fa630/51,AgroCenter - Perfil MURILO.html
HUMBERTO PIOVESAN,0,https://prd-agrocenter.cvale.com.br/v3_aviculture/profile/9059ebe1f561c8e60399384f637c8125/timeline,AgroCenter - Perfil MURILO.html
VALDECIR PATEL,1,https://prd-agrocenter.cvale.com.br/v3_aviculture/profile/ede9c4b6f7e05b4047e809745acef112/timeline/b54749c3d0fc642dd07c17e4bd31af63/175,AgroCenter - Perfil MURILO.html
EVANDRO TICIANELO,1,https://prd-agrocenter.cvale.com.br/v3_aviculture/profile/afcf1dbc39a1ad49f222e08d8d7a8f3c/timeline/f3282f99404e26529974040aa3fd5f5b/46,AgroCenter - Perfil RODOLFO.html
ADRIANO ZOTESSO DOS SANTOS,4,https://prd-agrocenter.cvale.com.br/v3_aviculture/profile/ee195d04b32d44f23307cbe763ac8871/timeline/0cb4787b3713b4cd1c0daec8c27a8eb4/93,AgroCenter - Perfil EDINAN.html
ANTONIO FRANCISCO PAVANELI,0,https://prd-agrocenter.cvale.com.br/v3_aviculture/profile/2be6054ae947c554a9a249d76dbacb6d/timeline,AgroCenter - Perfil RODRIGO.html
GILBERTO ARALDI,0,https://prd-agrocenter.cvale.com.br/v3_aviculture/profile/f15c0b9bd948f2144619c4225c8b64c0/timeline,AgroCenter - Perfil INAIARA.html
ADELAIDE PETRY PALUDO,8,https://prd-agrocenter.cvale.com.br/v3_aviculture/profile/bdeaca0e50d1983f27a0c8c1a53ce0be/timeline/1d3804d54356e5c5899389c21ec24a35/177,AgroCenter - Perfil INAIARA.html
ROBERTO  MINORU YASUE,1,https://prd-agrocenter.cvale.com.br/v3_aviculture/profile/2e5e6f4a8db825277a6ed52683e3a873/timeline/7ae7576df0f8bf7db9ada48c56a8331d/54,AgroCenter - Perfil BRUNO CONTER.html
RENAN GENERO,1,https://prd-agrocenter.cvale.com.br/v3_aviculture/profile/a3ece694e37ad2b58c445cb1f6480ac0/timeline/e58e7100aa659f5479ff5f10052f4881/163,AgroCenter - Perfil BRUNO CONTER.html
AIRTON LUIZ BONAFIN,1,https://prd-agrocenter.cvale.com.br/v3_aviculture/profile/ae1aa9685598c66805f2a28aa06aded6/timeline/767fc1c615c0ab5a782f1d20e37dc515/58,AgroCenter - Perfil BRUNO CONTER.html
MARCELO DOUGLAS BENDER,0,https://prd-agrocenter.cvale.com.br/v3_aviculture/profile/ff7c6a4498cae60123a6d5b0783cd7fa/timeline,AgroCenter - Perfil BRUNO CONTER.html
CLODOALDO SILVA DOS SANTOS,1,https://prd-agrocenter.cvale.com.br/v3_aviculture/profile/a51f04cdfa0ee65275b5bbd6dc475553/timeline/6e57203a105cb73c8700330c000ad211/102,AgroCenter - Perfil BRUNO CONTER.html
SÉRGIO LUIZ BERTOLDI,4,https://prd-agrocenter.cvale.com.br/v3_aviculture/profile/7cd9d15ca634182de884a40c24341c8d/timeline/3810bfe076936d7adc7fe166fa24839f/164,AgroCenter - Perfil BRUNO CONTER.html
PAULO FRANCISCO CORBARI,0,https://prd-agrocenter.cvale.com.br/v3_aviculture/profile/27b890d22e674e4942b18fe40c49bf0d/timeline,AgroCenter - Perfil BRUNO CONTER.html
PEDRO JOSE HILZENDEGER,3,https://prd-agrocenter.cvale.com.br/v3_aviculture/profile/854798a406d829cb4f85bd97f10b20d1/timeline/904d5fa05c03278a2b5028708c717fec/122,AgroCenter - Perfil BRUNO CONTER.html
WILSON DOMINGUES DO AMARAL,0,https://prd-agrocenter.cvale.com.br/v3_aviculture/profile/cf50da1419b6b5cf5bbf1dd3bd292ea6/timeline,AgroCenter - Perfil BRUNO CONTER.html
LEANDRO FEHMBERGER,2,https://prd-agrocenter.cvale.com.br/v3_aviculture/profile/d9b2ca0d763465f9826c0cfc3433300f/timeline/0a13048dbb08d9ee73669009537b1ffb/176,AgroCenter - Perfil BRUNO CONTER.html
GILBERTO MASSAO BALDO,2,https://prd-agrocenter.cvale.com.br/v3_aviculture/profile/1621fe55b167bd7e3c6140014ec66ea1/timeline/0a8b9f745bc7b72dab9f6aade8928849/100,AgroCenter - Perfil BRUNO CONTER.html
FRANCISCO ANTÔNIO CRIPA,5,https://prd-agrocenter.cvale.com.br/v3_aviculture/profile/e629465ca4a6ebb7adbc5944f4015261/timeline/ec6cb4cc98846554ec7a09f8bdc88fe5/74,AgroCenter - Perfil BRUNO CONTER.html
CLACI KRAMPE,10,https://prd-agrocenter.cvale.com.br/v3_aviculture/profile/7b7763bbfa87a6b959bc95bd604fdaae/timeline/d92034f5edf2e0a4b1e2d3ffce0ff1f5/161,AgroCenter - Perfil BRUNO CONTER.html
RONALDO JOÃO VENDRAME,6,https://prd-agrocenter.cvale.com.br/v3_aviculture/profile/20999bf42f60a643fc0852414bd2e8bd/timeline/20a166cf9bb8dbcc9c8a167f654385e2/175,AgroCenter - Perfil BRUNO CONTER.html
ALBERTINO AFONSO BRANCO,3,https://prd-agrocenter.cvale.com.br/v3_aviculture/profile/d0aed1e3658777e8be50f3c3e997e927/timeline/ff339f6486a4f41fc702cd48eceb0d99/110,AgroCenter - Perfil BRUNO CONTER.html
JOSÉ HENRIQUE BORSATTO,1,https://prd-agrocenter.cvale.com.br/v3_aviculture/profile/9ecb8f45b658b203b59acb9dfcba6056/timeline/c00c9e6cf9b9bfce177445d83fa52676/81,AgroCenter - Perfil BRUNO CONTER.html
SANDRO TAGLIARI,2,https://prd-agrocenter.cvale.com.br/v3_aviculture/profile/4bb9bc04d3221628d9c236a417a22dd8/timeline/89d47f2d572e950829de8bd3aaee22e0/29,AgroCenter - Perfil BRUNO CONTER.html
DORVAL CONCI,3,https://prd-agrocenter.cvale.com.br/v3_aviculture/profile/5f66f02adbce411d3d7def8677abb35e/timeline/33a4017b98f71c9256dca3ba567024b1/122,AgroCenter - Perfil BRUNO CONTER.html
JAIR SOARES DE OLIVEIRA,0,https://prd-agrocenter.cvale.com.br/v3_aviculture/profile/4202eac76f85f335db425a3c0ea8a368/timeline,AgroCenter - Perfil BRUNO CONTER.html
EVANILDO GIESELER,1,https://prd-agrocenter.cvale.com.br/v3_aviculture/profile/bdb43d218cda35e2a1718ca8bb21f45b/timeline/aa2f872fc53079bb7192e87034c79d78/85,AgroCenter - Perfil BRUNO CONTER.html
GERVASIO RIBEIRO MORAES,2,https://prd-agrocenter.cvale.com.br/v3_aviculture/profile/c01f2181531f45898475aa56c6a1f7b7/timeline/93b71f08cf603830daa1853557cf51ca/28,AgroCenter - Perfil BRUNO CONTER.html
DOMINGOS BONANI,0,https://prd-agrocenter.cvale.com.br/v3_aviculture/profile/d9771f3451ae7c96ec026f3bc4d59dc7/timeline,AgroCenter - Perfil BRUNO CONTER.html
MARCELO MORILHA TELES,0,https://prd-agrocenter.cvale.com.br/v3_aviculture/profile/9bf4e560b1d65368a51a2d8642d6e8b0/timeline,AgroCenter - Perfil BRUNO CONTER.html
LEONICE FRIEDRICH,4,https://prd-agrocenter.cvale.com.br/v3_aviculture/profile/e9e821221f75e3551214cfafebcd7474/timeline/027d7fbbd12e9771adef2c8fca87dcdd/29,AgroCenter - Perfil BRUNO CONTER.html
JOAO VALERO EGIDO,1,https://prd-agrocenter.cvale.com.br/v3_aviculture/profile/763a4b31b45f747b056c8360a30bc466/timeline/63544da004e51a8f2cdc4173ffa65c69/18,AgroCenter - Perfil BRUNO CONTER.html
SANDRO ANDRÉ RICHTER,0,https://prd-agrocenter.cvale.com.br/v3_aviculture/profile/d3ac59562a37f4d7499274160be908cc/timeline,AgroCenter - Perfil BRUNO CONTER.html
ANDERSON CRISTIANO HERMES,0,https://prd-agrocenter.cvale.com.br/v3_aviculture/profile/d1fa675509ed62d0f8a66f0bb609dc09/timeline,AgroCenter - Perfil BRUNO CONTER.html
SILVANE CALGARO SANTOS,0,https://prd-agrocenter.cvale.com.br/v3_aviculture/profile/e23c7e495a138a58e07ede86a0c2bfa8/timeline,AgroCenter - Perfil BRUNO CONTER.html
DIRCEU DOS SANTOS,0,https://prd-agrocenter.cvale.com.br/v3_aviculture/profile/46df54139982de35f9ee0a6aa95c720f/timeline,AgroCenter - Perfil BRUNO CONTER.html
VOLNEI BENETTI,5,https://prd-agrocenter.cvale.com.br/v3_aviculture/profile/7ac8ebdb084e72a47b704c27abf370ad/timeline/3db94c7af8915ce00b88d35183e09ccb/175,AgroCenter - Perfil BRUNO CONTER.html
ERNI ARNDT,2,https://prd-agrocenter.cvale.com.br/v3_aviculture/profile/ecb8dfa6195749117d597678e0f33bba/timeline/48a33a247002e72c2376d8be09a56e5b/114,AgroCenter - Perfil BRUNO CONTER.html
JOACIR ANTÔNIO TEIXEIRA,0,https://prd-agrocenter.cvale.com.br/v3_aviculture/profile/7b1525144b9cdd483963af53d9c1266e/timeline,AgroCenter - Perfil BRUNO CONTER.html
JOAO ORLANDO,2,https://prd-agrocenter.cvale.com.br/v3_aviculture/profile/5f7aa6545ef4b9c0293d544b267eae1c/timeline/dbe359d8e5d69fdeb867fc72702e0169/53,AgroCenter - Perfil BRUNO CONTER.html
MARIA INÊS BERTOLDI FRANZ,0,https://prd-agrocenter.cvale.com.br/v3_aviculture/profile/6a33916d7cdd3e22d19e3fa3ee8ba797/timeline,AgroCenter - Perfil BRUNO CONTER.html
ALBERTO BENETTI,3,https://prd-agrocenter.cvale.com.br/v3_aviculture/profile/bd19cd9d1a2677e9ae05ee2725721457/timeline/129b611b710b80da19c3222f53f3bbeb/39,AgroCenter - Perfil BRUNO CONTER.html
ADEMAR LUIZ PEDRON,2,https://prd-agrocenter.cvale.com.br/v3_aviculture/profile/91674f18c7356e79bc7750929203153f/timeline/c3635af81fca08d8edb1703f3dc45bc2/127,AgroCenter - Perfil BRUNO CONTER.html
NELSON BENETTI,0,https://prd-agrocenter.cvale.com.br/v3_aviculture/profile/ed8c7fbeb8e823fff7668f9035d7fe18/timeline,AgroCenter - Perfil BRUNO CONTER.html
ARMANDO LANG,0,https://prd-agrocenter.cvale.com.br/v3_aviculture/profile/cae0d30b2a392c6458301cafa7fe3274/timeline,AgroCenter - Perfil BRUNO CONTER.html
SCHARLES VITOR SCHULZ,0,https://prd-agrocenter.cvale.com.br/v3_aviculture/profile/66388722e0001800957bb5dc1eabcaab/timeline,AgroCenter - Perfil BRUNO CONTER.html
LISETE CRISTINA BENETTI,2,https://prd-agrocenter.cvale.com.br/v3_aviculture/profile/251a1bca84fc6566fc9c9e1431b36a59/timeline/51aa87ad1ca6500b91226443cb41322e/40,AgroCenter - Perfil BRUNO CONTER.html
ADEMIR NILO SCHLEMMER,0,https://prd-agrocenter.cvale.com.br/v3_aviculture/profile/a0ec1d9c6e46dbd653c5edaac4282a16/timeline,AgroCenter - Perfil BRUNO CONTER.html
HISAAKI HATAMOTO,2,https://prd-agrocenter.cvale.com.br/v3_aviculture/profile/a43a3d5a2cd0549733032c7e84933b1b/timeline/e6991e0339a71d41a42a27019c27fbe7/14425,AgroCenter - Perfil BRUNO CONTER.html
ELTON CARLOS BERTELI,0,https://prd-agrocenter.cvale.com.br/v3_aviculture/profile/f83f2b3442d7b811990912c3b2f844da/timeline,AgroCenter - Perfil BRUNO CONTER.html
KENJI DELLA PRIA HATAMOTO,0,https://prd-agrocenter.cvale.com.br/v3_aviculture/profile/7488d490a5d755fa030e638a24b5e076/timeline,AgroCenter - Perfil BRUNO CONTER.html
ANDERSSON BORTOT DE SOUZA,0,https://prd-agrocenter.cvale.com.br/v3_aviculture/profile/0097d981bf28e100486e67a63c010cd3/timeline,AgroCenter - Perfil BRUNO CONTER.html
CARLOS EMILIO FREITAG,0,https://prd-agrocenter.cvale.com.br/v3_aviculture/profile/5054b664b40d99afd95c2d3c2afd53bb/timeline,AgroCenter - Perfil BRUNO CONTER.html
GERALDA APARECIDA DOS REIS MONTEIRO,0,https://prd-agrocenter.cvale.com.br/v3_aviculture/profile/cddded4b3fb6541613515fd4afb0ef47/timeline,AgroCenter - Perfil BRUNO CONTER.html
PAULO HOFFMANN,12,https://prd-agrocenter.cvale.com.br/v3_aviculture/profile/c090c4535cd0553664e1719a6e53758a/timeline/4c096355ee0c22beb01042cf6f09f908/167,AgroCenter - Perfil BRUNO CONTER.html
SEBASTIÃO DALBOIT,0,https://prd-agrocenter.cvale.com.br/v3_aviculture/profile/e53abbe300ab0deee8958dde6f67b80f/timeline,AgroCenter - Perfil BRUNO CONTER.html
ALESSANDRO MORI NUNES,0,https://prd-agrocenter.cvale.com.br/v3_aviculture/profile/d8a3328f5f03db3de9a79d85b9afb7ce/timeline,AgroCenter - Perfil BRUNO CONTER.html
ADAO FERREIRA ASSIS,0,https://prd-agrocenter.cvale.com.br/v3_aviculture/profile/6868b02d68edffb8ef7796ce5cd73c0e/timeline,AgroCenter - Perfil BRUNO CONTER.html
DANILO JOHANN,0,https://prd-agrocenter.cvale.com.br/v3_aviculture/profile/4ea3713e6efef0e4dd2a27601833b117/timeline,AgroCenter - Perfil BRUNO CONTER.html
CARLOS MATTIUZZI,3,https://prd-agrocenter.cvale.com.br/v3_aviculture/profile/8ef155a2f3b8e2631f1c40b67a9383e5/timeline/c430717f2a496e2f9f0e4c64ad944289/17,AgroCenter - Perfil BRUNO CONTER.html
DONIZETE MARINI,0,https://prd-agrocenter.cvale.com.br/v3_aviculture/profile/9833fdcfc7f1275959d84a4e96332bef/timeline,AgroCenter - Perfil BRUNO CONTER.html
MARILENE BURIN GLAESER,3,https://prd-agrocenter.cvale.com.br/v3_aviculture/profile/5e91fb3a7a62f62f19d67b229537a978/timeline/d4c98a33628f23e1acfc6700fc2cfbb3/34,AgroCenter - Perfil BRUNO CONTER.html
LIDEMAR BORDIGNON,0,https://prd-agrocenter.cvale.com.br/v3_aviculture/profile/a4f3aa074778dfb60de1176f0f00b191/timeline,AgroCenter - Perfil BRUNO CONTER.html
DOUGLAS JOSE TURATTO,1,https://prd-agrocenter.cvale.com.br/v3_aviculture/profile/5a09ed0aff5164a3e9c109d9014db69a/timeline/a195d71397696f16285780e64d7009b8/161,AgroCenter - Perfil BRUNO CONTER.html
ARI PATEL,2,https://prd-agrocenter.cvale.com.br/v3_aviculture/profile/b711c52406419a009814f2dedf72d1f7/timeline/f6dc926394ab1badc8e2a52d808aa75a/172,AgroCenter - Perfil BRUNO CONTER.html
FERNANDO PIVETTA,0,https://prd-agrocenter.cvale.com.br/v3_aviculture/profile/f09102c5c2cc4383912cab17c3a3f199/timeline,AgroCenter - Perfil BRUNO CONTER.html
CEZAR AGNALDO RAMPIM,0,https://prd-agrocenter.cvale.com.br/v3_aviculture/profile/bee951bf29eaae20a81afbbe85458d0f/timeline,AgroCenter - Perfil BRUNO CONTER.html
JAIRO BERNO BERNO,0,https://prd-agrocenter.cvale.com.br/v3_aviculture/profile/79800986199fac04c951ba5311926805/timeline,AgroCenter - Perfil BRUNO CONTER.html
GISLAINE PONTES FERNANDES,0,https://prd-agrocenter.cvale.com.br/v3_aviculture/profile/c899e447150134250876af8dc52822df/timeline,AgroCenter - Perfil BRUNO CONTER.html
CHRISTIAN ESCOBAR GASPARIN,0,https://prd-agrocenter.cvale.com.br/v3_aviculture/profile/737ef359f11707d4decdd3d1a7f2122f/timeline,AgroCenter - Perfil BRUNO CONTER.html
JUVENAL PEREIRA MONTEIRO,0,https://prd-agrocenter.cvale.com.br/v3_aviculture/profile/ec8fadcc809707a25b5a778a953ff967/timeline,AgroCenter - Perfil BRUNO CONTER.html
PEDRO BORDIGNON,6,https://prd-agrocenter.cvale.com.br/v3_aviculture/profile/f3dc6ab9c584f23238e5dcf9901e4377/timeline/187d3d8c3304fdc18b664c77eabd2a16/76,AgroCenter - Perfil BRUNO CONTER.html
CARLOS LUIZ WILLRICH,0,https://prd-agrocenter.cvale.com.br/v3_aviculture/profile/20561e5bbf999a9afd7a5c0a1c0885a5/timeline,AgroCenter - Perfil BRUNO CONTER.html
EDITH KURTZ,1,https://prd-agrocenter.cvale.com.br/v3_aviculture/profile/b29a0657d59f2d0f9647bfe13780f58b/timeline/da71a4541b5aee7bdbca50939f36c6b8/174,AgroCenter - Perfil BRUNO CONTER.html
EVERTON HIRAOKA,0,https://prd-agrocenter.cvale.com.br/v3_aviculture/profile/a3f149e40d2d2affb544369d272883ae/timeline,AgroCenter - Perfil BRUNO CONTER.html
DANIELI CRISTIANE MARTINS HAFEMANN,0,https://prd-agrocenter.cvale.com.br/v3_aviculture/profile/b1405ca454d688bf2b2d7695dc66dc35/timeline,AgroCenter - Perfil BRUNO CONTER.html
ARI SPONCHIADO,0,https://prd-agrocenter.cvale.com.br/v3_aviculture/profile/5d9f4b43ee86bd65e171cd959affecd2/timeline,AgroCenter - Perfil BRUNO CONTER.html
AIRTON WEINE,0,https://prd-agrocenter.cvale.com.br/v3_aviculture/profile/8a0ffd9441297e45c07e7a29def0de06/timeline,AgroCenter - Perfil BRUNO CONTER.html
ANAÍ BACCI NAVES,0,https://prd-agrocenter.cvale.com.br/v3_aviculture/profile/057caae58a76e92dc73960fa197a26fa/timeline,AgroCenter - Perfil BRUNO CONTER.html
CLÉLIO ARGENTON,0,https://prd-agrocenter.cvale.com.br/v3_aviculture/profile/0d878783ee5e9ee187c1eba401c12c8e/timeline,AgroCenter - Perfil BRUNO CONTER.html
DIRCEU ANDRÉ DEIMLING,0,https://prd-agrocenter.cvale.com.br/v3_aviculture/profile/79b160006297cc1273ff97add240f0c4/timeline,AgroCenter - Perfil BRUNO CONTER.html
GERSON APARECIDO PIRES DE OLIVEIRA,0,https://prd-agrocenter.cvale.com.br/v3_aviculture/profile/01c3d41a0d84f15b301ef07ac3a8bfb4/timeline,AgroCenter - Perfil BRUNO CONTER.html
JOÃO VALERO EGIDO,0,https://prd-agrocenter.cvale.com.br/v3_aviculture/profile/a6f752e518f200164dfcc3482591d2c8/timeline,AgroCenter - Perfil BRUNO CONTER.html
JOSÉ HABOWSKI,0,https://prd-agrocenter.cvale.com.br/v3_aviculture/profile/c22e5cff4088b0b65b3f7662f26b0751/timeline,AgroCenter - Perfil BRUNO CONTER.html
LUCAS RHUAN TAIT,0,https://prd-agrocenter.cvale.com.br/v3_aviculture/profile/4caa08ee807a96c0279f56d305c493e5/timeline,AgroCenter - Perfil BRUNO CONTER.html
MARCELO GAIOLA GALDIOLI,0,https://prd-agrocenter.cvale.com.br/v3_aviculture/profile/dd2b264066b587ceebdc7b55fece0b37/timeline,AgroCenter - Perfil BRUNO CONTER.html
MARLENE MANCHINE SOARES,0,https://prd-agrocenter.cvale.com.br/v3_aviculture/profile/081fc5e680c6ec7b911842ede0e5763d/timeline,AgroCenter - Perfil BRUNO CONTER.html
ODAIR JOSE FAVARO,0,https://prd-agrocenter.cvale.com.br/v3_aviculture/profile/c8815ea19a0d1ac7d7519b756e6369ed/timeline,AgroCenter - Perfil BRUNO CONTER.html
ONOFRE APARECIDO FIGUEIRA DIAS,0,https://prd-agrocenter.cvale.com.br/v3_aviculture/profile/1563a2d77aabf9a3ea9d2bb8bc54392e/timeline,AgroCenter - Perfil BRUNO CONTER.html
OSVALDO LOURENÇO BORIAN,0,https://prd-agrocenter.cvale.com.br/v3_aviculture/profile/367492d03b10cc54fdf7db4627585a17/timeline,AgroCenter - Perfil BRUNO CONTER.html
LAUDELINO ANTONIO SOARES,4,https://prd-agrocenter.cvale.com.br/v3_aviculture/profile/8f8f1801b8d8c783c757dbee623ed301/timeline/dc319285e6c46ce69910b5e23d004861/30,AgroCenter - Perfil BRUNO CONTER.html
MARCELO REINKE BLODORN,0,https://prd-agrocenter.cvale.com.br/v3_aviculture/profile/a55dee9beeab37de50d24549047c3e47/timeline,AgroCenter - Perfil BRUNO CONTER.html
ADIR MARLOW,0,https://prd-agrocenter.cvale.com.br/v3_aviculture/profile/e6b324cbcf9ae428eb69bcb52400ebc3/timeline,AgroCenter - Perfil BRUNO CONTER.html
LUCIANO DA SILVA ORLANDO,0,https://prd-agrocenter.cvale.com.br/v3_aviculture/profile/2be0399bac2f6a88a81e3614359789bb/timeline,AgroCenter - Perfil BRUNO CONTER.html
ANDREIA JOSÉ ORLANDO DA SILVA,0,https://prd-agrocenter.cvale.com.br/v3_aviculture/profile/82d54af681712c5c5cb06699dba3097e/timeline,AgroCenter - Perfil BRUNO CONTER.html
JULIANA AFONSO BRANCO DOS SANTOS,4,https://prd-agrocenter.cvale.com.br/v3_aviculture/profile/95dae2992d47b6dab1c22d15dcc77b02/timeline/77e49d4be50c9b2bd4be6e5b10247386/4,AgroCenter - Perfil BRUNO CONTER.html
ZILMA LENZ MUCH,0,https://prd-agrocenter.cvale.com.br/v3_aviculture/profile/7e230e0123c24c50dfbddb216e72517b/timeline,AgroCenter - Perfil BRUNO CONTER.html
VERA LUIZA MOTTIN BENSTTI,2,https://prd-agrocenter.cvale.com.br/v3_aviculture/profile/a70412a125942e037acd3a91afada042/timeline/5b73663fae9bdb12d482ab9119aef59d/161,AgroCenter - Perfil BRUNO CONTER.html
VERNO KRIEGER,0,https://prd-agrocenter.cvale.com.br/v3_aviculture/profile/feabbffec2c86949d2c55553baa92d57/timeline,AgroCenter - Perfil BRUNO CONTER.html
WALTRAUD FAUTH RICHTER,0,https://prd-agrocenter.cvale.com.br/v3_aviculture/profile/51c4d44a590fbd12e66089e68cdecd4d/timeline,AgroCenter - Perfil BRUNO CONTER.html
SÉRGIO AMARAL,0,https://prd-agrocenter.cvale.com.br/v3_aviculture/profile/1945768a2c96d40142008f4cb256a97b/timeline,AgroCenter - Perfil BRUNO CONTER.html
VALDENIR LEAL DON SANTO,0,https://prd-agrocenter.cvale.com.br/v3_aviculture/profile/6bde41f7e694c1c165634b21ae041892/timeline,AgroCenter - Perfil BRUNO CONTER.html
MARIA VIGNE CENTENARO,1,https://prd-agrocenter.cvale.com.br/v3_aviculture/profile/0cb02b3ae323633ffceb09755791c348/timeline/2e7aff3ca11b337b3c06db88848d72c0/174,AgroCenter - Perfil BRUNO CONTER.html
LEANI ZERETZKI,0,https://prd-agrocenter.cvale.com.br/v3_aviculture/profile/ec7c97747b7d20783023582dc836a94d/timeline,AgroCenter - Perfil BRUNO CONTER.html
MARIO MOACYR LOURENÇÃO,0,https://prd-agrocenter.cvale.com.br/v3_aviculture/profile/3eaaa21b1d8fc24feae81270f6785c85/timeline,AgroCenter - Perfil BRUNO CONTER.html
RODRIGO MARRETTO AMARAL,0,https://prd-agrocenter.cvale.com.br/v3_aviculture/profile/cff864d065caf7634d169fa7a9220dca/timeline,AgroCenter - Perfil BRUNO CONTER.html
MARTIM ROGÉRIO REINKE,0,https://prd-agrocenter.cvale.com.br/v3_aviculture/profile/cde4edc58ceb6108aed3a7c3d39e2827/timeline,AgroCenter - Perfil BRUNO CONTER.html
PAULO RENATO LOCATELLI,0,https://prd-agrocenter.cvale.com.br/v3_aviculture/profile/2cd44c5fdacafef644006b5e7fc8a588/timeline,AgroCenter - Perfil BRUNO CONTER.html
CARLOS JOSE GRIS,1,https://prd-agrocenter.cvale.com.br/v3_aviculture/profile/47aa53cd5e73e9190b4e404429a59f9a/timeline/2b344ab25d58009fb780f7ac09b2228e/162,AgroCenter - Perfil BRUNO CONTER.html
IRENEO FELIPPE CHIELLA,0,https://prd-agrocenter.cvale.com.br/v3_aviculture/profile/6c291d4777b7e7ca8c9aa34c74b20f35/timeline,AgroCenter - Perfil BRUNO CONTER.html
JUAREZ PASTORE,0,https://prd-agrocenter.cvale.com.br/v3_aviculture/profile/35c69b77efaf2a8a4694a104ce3fd181/timeline,AgroCenter - Perfil BRUNO CONTER.html
FLAVIO CLAYTON SALVADOR,2,https://prd-agrocenter.cvale.com.br/v3_aviculture/profile/0b47fe6e68af12d55715e344aa6d3a47/timeline/06a25b95b2a7d080c569d6c6ae8bc2d2/1,AgroCenter - Perfil BRUNO CONTER.html
FERNANDA BASSO BERTOLDI,0,https://prd-agrocenter.cvale.com.br/v3_aviculture/profile/900872a3af3a3909a1fb024e01a1b3f3/timeline,AgroCenter - Perfil BRUNO CONTER.html
EDIMAR SANTOS,0,https://prd-agrocenter.cvale.com.br/v3_aviculture/profile/1862e2872611451178bfc571fb8e3a19/timeline,AgroCenter - Perfil BRUNO CONTER.html
HÉLIO ZAGO,0,https://prd-agrocenter.cvale.com.br/v3_aviculture/profile/0e66818a30700c926ae39510e7939e4f/timeline,AgroCenter - Perfil BRUNO CONTER.html
NIVALDO EDER DE SOUZA,0,https://prd-agrocenter.cvale.com.br/v3_aviculture/profile/448563663d87b5b9fa4a26722d4a2119/timeline,AgroCenter - Perfil BRUNO CONTER.html
OLAVIO LOFH,1,https://prd-agrocenter.cvale.com.br/v3_aviculture/profile/5738d31ead2fbfd3f645039d8a2e6d0b/timeline/2bc0bed9e5034f21f408fc1dc6bf171a/154,AgroCenter - Perfil BRUNO CONTER.html
JOSÉ HENRIQUE DE OLIVEIRA NETO,5,https://prd-agrocenter.cvale.com.br/v3_aviculture/profile/5bd63fa0495e10b7423b12088b00a6c7/timeline/34d7b2aee88c8e8350fa43bcef26d8d5/119,AgroCenter - Perfil BRUNO CONTER.html
ACELINO LORENZETTI,3,https://prd-agrocenter.cvale.com.br/v3_aviculture/profile/51ad322eff4003399b01bbe9115f5950/timeline/f08743ee894af5c20d1a856a9c1faa66/176,AgroCenter - Perfil BRUNO CONTER.html
AMARILDO DONIZETTI RIBEIRO,0,https://prd-agrocenter.cvale.com.br/v3_aviculture/profile/80a751e0f3f4c5bbf917397453ee0939/timeline,AgroCenter - Perfil BRUNO CONTER.html
DENILSO LUPATINI,0,https://prd-agrocenter.cvale.com.br/v3_aviculture/profile/619bddd45060e4e3a143a6dc5998164d/timeline,AgroCenter - Perfil BRUNO CONTER.html
FERNANDO VOLPATO MARQUES,2,https://prd-agrocenter.cvale.com.br/v3_aviculture/profile/c6e58c0956edd45a42c6304966782015/timeline/82596d6fcaafcb5d2285867f3026b74d/64,AgroCenter - Perfil BRUNO CONTER.html
IVANILDA ALVES BARBOSA DAL BOIT,0,https://prd-agrocenter.cvale.com.br/v3_aviculture/profile/ab0c59c4f956b4cc33d93ee954847226/timeline,AgroCenter - Perfil BRUNO CONTER.html
JAIR BARBACOVI,0,https://prd-agrocenter.cvale.com.br/v3_aviculture/profile/ae3b69716400548ee9040522ddf4097b/timeline,AgroCenter - Perfil BRUNO CONTER.html
JAIR VANDERLEI SEIBOTH,0,https://prd-agrocenter.cvale.com.br/v3_aviculture/profile/1316ca67dba78e5957850827eaf91a34/timeline,AgroCenter - Perfil BRUNO CONTER.html
JOSE ANGELO GUSSI,0,https://prd-agrocenter.cvale.com.br/v3_aviculture/profile/b0861c1a16e0d853bcc33946f1f562ff/timeline,AgroCenter - Perfil BRUNO CONTER.html
LUCIANO MASSAYOSHI WADA,0,https://prd-agrocenter.cvale.com.br/v3_aviculture/profile/983e10c0fe92074692cdccccfb09ba3c/timeline,AgroCenter - Perfil BRUNO CONTER.html
MARCOS ROBERTO DE AZEVEDO,0,https://prd-agrocenter.cvale.com.br/v3_aviculture/profile/3f80d4f5270961151918ff3720d50504/timeline,AgroCenter - Perfil BRUNO CONTER.html
MARIA ANTÔNIA DRUZIANI SEBRIAN,0,https://prd-agrocenter.cvale.com.br/v3_aviculture/profile/183eec285617ffa5f2384851e2d81301/timeline,AgroCenter - Perfil BRUNO CONTER.html
NELIO JOSÉ KUNH,0,https://prd-agrocenter.cvale.com.br/v3_aviculture/profile/01d5b89ebbb9a2a2309cdeb5df3dc7a8/timeline,AgroCenter - Perfil BRUNO CONTER.html
SILVIA SANCHES,0,https://prd-agrocenter.cvale.com.br/v3_aviculture/profile/fc80a05c0db537611c05db0f36f26c19/timeline,AgroCenter - Perfil BRUNO CONTER.html
WANDERLEY ANDREACCI CERICATTO,0,https://prd-agrocenter.cvale.com.br/v3_aviculture/profile/122db04bbfba1bc07415af54496c2688/timeline,AgroCenter - Perfil BRUNO CONTER.html
RAFAEL ZAMIAN,2,https://prd-agrocenter.cvale.com.br/v3_aviculture/profile/f0004ee5472639c1ae6513f4acbee70e/timeline/44a5ef4e7d442a60a272275474e8bffd/126,AgroCenter - Perfil BRUNO CONTER.html
AIRTON JOSÉ MOREIRA,2,https://prd-agrocenter.cvale.com.br/v3_aviculture/profile/16268ec0092faa7f9cbbbfe96f25d607/timeline/2d85294ecb56e33356ac5c09251bc192/160,AgroCenter - Perfil BRUNO CONTER.html
ROSELIANE CALGARO HOFFMANN,0,https://prd-agrocenter.cvale.com.br/v3_aviculture/profile/943b1a56bcda59a592b7858fba42b647/timeline,AgroCenter - Perfil BRUNO CONTER.html
JULIANO FALCONI MIOTTO,0,https://prd-agrocenter.cvale.com.br/v3_aviculture/profile/2d50c337d7f1f9746652ff4eea0b7522/timeline,AgroCenter - Perfil BRUNO CONTER.html
LUIS CARLOS MIOTTO,6,https://prd-agrocenter.cvale.com.br/v3_aviculture/profile/cc4ae2596b6079d24fc4f03130c51b02/timeline/0975ce5bc6cb9237270781f26818494a/124,AgroCenter - Perfil BRUNO CONTER.html
EDIVAR ANTONIO MARQUEZIN,0,https://prd-agrocenter.cvale.com.br/v3_aviculture/profile/879cfc92de9da9d7b7fa468e278ea9e2/timeline,AgroCenter - Perfil BRUNO CONTER.html
IVAIR DREON,3,https://prd-agrocenter.cvale.com.br/v3_aviculture/profile/3887f9c8dc1a3733e311791601adad4f/timeline/22e176b33a047ff5f06277b8c261ba17/176,AgroCenter - Perfil BRUNO CONTER.html
ORLANDO LOPES DE GOUVEIA,0,https://prd-agrocenter.cvale.com.br/v3_aviculture/profile/70b094f825e8137eb67b74fd4680624a/timeline,AgroCenter - Perfil BRUNO CONTER.html
JOSE AUGUSTO PERACOLI COZER,0,https://prd-agrocenter.cvale.com.br/v3_aviculture/profile/2f1d0617c5a7243ae53ec691ec4e4e9b/timeline,AgroCenter - Perfil BRUNO CONTER.html
FATIMA APARECIDA CRISPIM COSTA VILAR,0,https://prd-agrocenter.cvale.com.br/v3_aviculture/profile/162859dedfdbc330bad34733ee30b547/timeline,AgroCenter - Perfil BRUNO CONTER.html
JOAO FRANCISCO CRISPIM COSTA,0,https://prd-agrocenter.cvale.com.br/v3_aviculture/profile/5352df3633a8dd650f2af0ce553109e2/timeline,AgroCenter - Perfil BRUNO CONTER.html
CELSO MAERCIO CORDEIRO VILAR,0,https://prd-agrocenter.cvale.com.br/v3_aviculture/profile/0557a66efdff579ed5ca3b0f36ac0d31/timeline,AgroCenter - Perfil BRUNO CONTER.html
IGOR CRISPIM COSTA,0,https://prd-agrocenter.cvale.com.br/v3_aviculture/profile/c4c4bfce31fb76cb31d32c3c7d32cbb7/timeline,AgroCenter - Perfil BRUNO CONTER.html
CESAR CRISPIM VILAR,0,https://prd-agrocenter.cvale.com.br/v3_aviculture/profile/807011708f92af0866e490d778122265/timeline,AgroCenter - Perfil BRUNO CONTER.html
EDUARDO CRISPIM COSTA,0,https://prd-agrocenter.cvale.com.br/v3_aviculture/profile/4a543758e3905528ae82a62f66bea033/timeline,AgroCenter - Perfil BRUNO CONTER.html
JOSE CARLOS CRISPIM COSTA,0,https://prd-agrocenter.cvale.com.br/v3_aviculture/profile/010ebbd55bffe641c8598b75e382572a/timeline,AgroCenter - Perfil BRUNO CONTER.html
CLEIFSON FERRARI GROSS,0,https://prd-agrocenter.cvale.com.br/v3_aviculture/profile/428127e7c4f63b89fb5ce8803518b494/timeline,AgroCenter - Perfil BRUNO CONTER.html
CÁSSIA CRISTINA ROZANTE JORDEN,0,https://prd-agrocenter.cvale.com.br/v3_aviculture/profile/58120369cd32abb13f6a8eec15894c1b/timeline,AgroCenter - Perfil BRUNO CONTER.html
MARCIO ROBERTO MICHELON,0,https://prd-agrocenter.cvale.com.br/v3_aviculture/profile/31228343c6a9f42c43038ed1521b200b/timeline,AgroCenter - Perfil BRUNO CONTER.html
MARLI RICHTER KAPPES,2,https://prd-agrocenter.cvale.com.br/v3_aviculture/profile/d8e8923e3cf45ca69eace35908c019d1/timeline/aa1da089d43329c10a6cda1eb00703b7/172,AgroCenter - Perfil BRUNO CONTER.html
LEVI HARTWIG,0,https://prd-agrocenter.cvale.com.br/v3_aviculture/profile/4067d6271334c5e8db06a9ada1839554/timeline,AgroCenter - Perfil BRUNO CONTER.html
NELSON TIETZ,0,https://prd-agrocenter.cvale.com.br/v3_aviculture/profile/0aa04a9ef6ef77dd446baaa02b3dcded/timeline,AgroCenter - Perfil BRUNO CONTER.html
LUCIMAR BAIOCCO,0,https://prd-agrocenter.cvale.com.br/v3_aviculture/profile/22e81eb806af6f512847601ce3862bcb/timeline,AgroCenter - Perfil BRUNO CONTER.html
WILFRID FRITZKE,0,https://prd-agrocenter.cvale.com.br/v3_aviculture/profile/4c97b8169787b425f3a556a994036bf0/timeline,AgroCenter - Perfil BRUNO CONTER.html
ADRIANO TOSHIO NAKAZAWA,0,https://prd-agrocenter.cvale.com.br/v3_aviculture/profile/e59cc393723602e6f5a7c667d1f3e930/timeline,AgroCenter - Perfil BRUNO CONTER.html
ADEILDO MIELNIK FERREIRA,0,https://prd-agrocenter.cvale.com.br/v3_aviculture/profile/5f227a45bdf0d8a12fdd9db8fe2ab71c/timeline,AgroCenter - Perfil BRUNO CONTER.html
ADILSON APARECIDO DA MOTA,2,https://prd-agrocenter.cvale.com.br/v3_aviculture/profile/3f4ed02b174bcdd76493f95656655afe/timeline/e127a630191350e8eac85d455fa19bb0/107,AgroCenter - Perfil BRUNO CONTER.html
ANDERSON NEI MORELATTO,4,https://prd-agrocenter.cvale.com.br/v3_aviculture/profile/b2b0f01ed3738849c5389949145dcfe0/timeline/5c813b11a6cddb0c654497a2acf182a2/102,AgroCenter - Perfil BRUNO CONTER.html
VICTOR BARBARA,0,https://prd-agrocenter.cvale.com.br/v3_aviculture/profile/63c7079009a4376d1980bd2630ed8f73/timeline,AgroCenter - Perfil BRUNO CONTER.html
MARCEL GILVAN LEONARDI,0,https://prd-agrocenter.cvale.com.br/v3_aviculture/profile/0ee4d20bb48ad254bb530629d4165741/timeline,AgroCenter - Perfil BRUNO CONTER.html
JOSE MARCOS TORQUETE,0,https://prd-agrocenter.cvale.com.br/v3_aviculture/profile/8676e5b06b982f8e0dfc26316880b6aa/timeline,AgroCenter - Perfil BRUNO CONTER.html
CELSO UTECH,0,https://prd-agrocenter.cvale.com.br/v3_aviculture/profile/10446d3986b6dd6f7f5d5c011613939f/timeline,AgroCenter - Perfil BRUNO CONTER.html
APARECIDO ROBERTO DIOTTO,0,https://prd-agrocenter.cvale.com.br/v3_aviculture/profile/7fdee87b171314755ad70d6f49665640/timeline,AgroCenter - Perfil BRUNO CONTER.html
SUELI MARIA PEREIRA BENINCÁ,6,https://prd-agrocenter.cvale.com.br/v3_aviculture/profile/71db4549f1734e92b39fea3608edf618/timeline/47f4caf38a688beb6bc7ef834df93d40/158,AgroCenter - Perfil BRUNO CONTER.html
ADEMIR ZAGO,0,https://prd-agrocenter.cvale.com.br/v3_aviculture/profile/4f0d4c35fb59784ba7649958a756e66b/timeline,AgroCenter - Perfil BRUNO CONTER.html
GABRIEL BORTOLOZZO BATTISTI,0,https://prd-agrocenter.cvale.com.br/v3_aviculture/profile/d4819e9b365e95419f42d4a85069a9a6/timeline,AgroCenter - Perfil BRUNO CONTER.html
JACINTO JOSE ALFLEN,0,https://prd-agrocenter.cvale.com.br/v3_aviculture/profile/abd9698f7f1bb50ae3729c0f8c0bfbc1/timeline,AgroCenter - Perfil EVANDRO.html
ALISSON SCHACH,0,https://prd-agrocenter.cvale.com.br/v3_aviculture/profile/617063eca5f556d3e702011b6785e90e/timeline,AgroCenter - Perfil ALISSON.html
MARCELO FUMAGALLI,0,https://prd-agrocenter.cvale.com.br/v3_aviculture/profile/7bac4d6e42064faf10eb7f327dcb8b0a/timeline,AgroCenter - Perfil ALISSON.html
ADEMIR FERREIRA DE PADUA,0,https://prd-agrocenter.cvale.com.br/v3_aviculture/profile/c018d5692c7f1ce871e7c9e19448cc42/timeline,AgroCenter - Perfil ALISSON.html
ADEMIR SCHREIBER,0,https://prd-agrocenter.cvale.com.br/v3_aviculture/profile/b71589fda603337206afc0e9f6fe3a5d/timeline,AgroCenter - Perfil LETICIA.html
DALTON AURI LUDEWIG,1,https://prd-agrocenter.cvale.com.br/v3_aviculture/profile/ef049e2e3fb032785669d6d1a2cea0cb/timeline/30a0770915cf17d4dea04b96d3e6727a/49,AgroCenter - Perfil LETICIA.html
DEBORA ALINE SCHLEMMER,1,https://prd-agrocenter.cvale.com.br/v3_aviculture/profile/80f77fd2ebb4122f754302733da84016/timeline/6ee352616b170a8f153fe03784f03535/32,AgroCenter - Perfil LETICIA.html
JOÃO PAULO DOS SANTOS BAIOCCO,0,https://prd-agrocenter.cvale.com.br/v3_aviculture/profile/9657de56994998a6e397e8de37f14f73/timeline,AgroCenter - Perfil CARLOS.html
GABRIEL WUTZKE,3,https://prd-agrocenter.cvale.com.br/v3_aviculture/profile/39c7d6bd56457da15418a827a2b3f49d/timeline/ba84f95c1944a207eb3c660a9428aa26/174,AgroCenter - Perfil DEBORA.html
DANIEL CARLOS MILITAO DOS SANTOS,3,https://prd-agrocenter.cvale.com.br/v3_aviculture/profile/0fa0553a900bb8c843f4f23b54c510f4/timeline/5c1a590fa738ae6b71055ac79be3d6d5/157,AgroCenter - Perfil DEBORA.html
CASTILLO HENDGES,0,https://prd-agrocenter.cvale.com.br/v3_aviculture/profile/59ecd88be190f1b75177ac3fd07650ef/timeline,AgroCenter - Perfil JESSIANE.html
JOSE CARLOS PIRES DOS SANTOS,0,https://prd-agrocenter.cvale.com.br/v3_aviculture/profile/6706476106e893998e58c3256fc91ae5/timeline,AgroCenter - Perfil JESSIANE.html
DORVALINO PASTORE,0,https://prd-agrocenter.cvale.com.br/v3_aviculture/profile/1fb0c9959a5accb28e775326e84f5a76/timeline,AgroCenter - Perfil ALTAIR.html
ANDREI BENETTI,4,https://prd-agrocenter.cvale.com.br/v3_aviculture/profile/9f2b8831d931f5ac34df60ff34a654c5/timeline/cf8d1dd880ce1ed01cb6039610f52512/157,AgroCenter - Perfil ALTAIR.html
